{
  "accuracy": {
    "n_samples": 10000,
    "per_class": {
      "airplane": 0.868,
      "automobile": 0.92,
      "bird": 0.739,
      "cat": 0.71,
      "deer": 0.82,
      "dog": 0.698,
      "frog": 0.856,
      "horse": 0.848,
      "ship": 0.896,
      "truck": 0.876
    },
    "top1": 0.8231,
    "top5": 0.9917
  },
  "config": "dynamic_int8",
  "latency": [
    {
      "batch_size": 1,
      "mean_ms": 0.7282737702189479,
      "n_measure": 200,
      "n_warmup": 10,
      "p50_ms": 0.7024585065664724,
      "p95_ms": 0.916665208933409,
      "p99_ms": 1.1086645952309462
    },
    {
      "batch_size": 8,
      "mean_ms": 2.4309535256179515,
      "n_measure": 200,
      "n_warmup": 10,
      "p50_ms": 2.386291482253,
      "p95_ms": 2.8411749983206387,
      "p99_ms": 3.2672486794763245
    },
    {
      "batch_size": 32,
      "mean_ms": 28.99743332149228,
      "n_measure": 200,
      "n_warmup": 10,
      "p50_ms": 27.878895503818057,
      "p95_ms": 33.663859764055815,
      "p99_ms": 48.28486417594826
    }
  ],
  "memory": {
    "rss_baseline_mb": 278.15625,
    "rss_delta_mb": 2.0,
    "rss_peak_mb": 280.15625,
    "tracemalloc_peak_mb": 0.010099411010742188
  },
  "size": {
    "bytes": 1167930,
    "kb": 1140.556640625
  }
}
