{
  "accuracy": {
    "n_samples": 10000,
    "per_class": {
      "airplane": 0.867,
      "automobile": 0.921,
      "bird": 0.741,
      "cat": 0.711,
      "deer": 0.819,
      "dog": 0.697,
      "frog": 0.856,
      "horse": 0.848,
      "ship": 0.896,
      "truck": 0.878
    },
    "top1": 0.8234,
    "top5": 0.9918
  },
  "config": "fp32_baseline",
  "latency": [
    {
      "batch_size": 1,
      "mean_ms": 1.7106452239386272,
      "n_measure": 200,
      "n_warmup": 10,
      "p50_ms": 1.670228986768052,
      "p95_ms": 2.3155764662078577,
      "p99_ms": 2.865448937227483
    },
    {
      "batch_size": 8,
      "mean_ms": 5.878686219512019,
      "n_measure": 200,
      "n_warmup": 10,
      "p50_ms": 4.7874169977148995,
      "p95_ms": 10.882510450028335,
      "p99_ms": 20.270214823249155
    },
    {
      "batch_size": 32,
      "mean_ms": 32.044611009187065,
      "n_measure": 200,
      "n_warmup": 10,
      "p50_ms": 30.619478988228366,
      "p95_ms": 37.97535836929455,
      "p99_ms": 57.626964192895656
    }
  ],
  "memory": {
    "rss_baseline_mb": 585.671875,
    "rss_delta_mb": 0.109375,
    "rss_peak_mb": 585.78125,
    "tracemalloc_peak_mb": 0.008195877075195312
  },
  "size": {
    "bytes": 1171104,
    "kb": 1143.65625
  }
}
