{
  "accuracy": {
    "n_samples": 10000,
    "per_class": {
      "airplane": 0.867,
      "automobile": 0.931,
      "bird": 0.728,
      "cat": 0.683,
      "deer": 0.817,
      "dog": 0.73,
      "frog": 0.864,
      "horse": 0.832,
      "ship": 0.899,
      "truck": 0.89
    },
    "top1": 0.8241,
    "top5": 0.9909
  },
  "config": "qat_int8",
  "latency": [
    {
      "batch_size": 1,
      "mean_ms": 1.2217156839324161,
      "n_measure": 200,
      "n_warmup": 10,
      "p50_ms": 0.9377085079904646,
      "p95_ms": 2.670295455027371,
      "p99_ms": 3.389095399761572
    },
    {
      "batch_size": 8,
      "mean_ms": 3.904996039054822,
      "n_measure": 200,
      "n_warmup": 10,
      "p50_ms": 3.7931045226287097,
      "p95_ms": 4.806431583710945,
      "p99_ms": 6.124552901601417
    },
    {
      "batch_size": 32,
      "mean_ms": 18.41287102055503,
      "n_measure": 200,
      "n_warmup": 10,
      "p50_ms": 16.594667016761377,
      "p95_ms": 27.27988507831468,
      "p99_ms": 54.42755505675428
    }
  ],
  "memory": {
    "rss_baseline_mb": 221.546875,
    "rss_delta_mb": 1.25,
    "rss_peak_mb": 222.796875,
    "tracemalloc_peak_mb": 0.007997512817382812
  },
  "size": {
    "bytes": 299806,
    "kb": 292.779296875
  }
}
